<?xml version="1.0" encoding="UTF-8"?>
<point_cloud version="1.7.0">
  <params>
    <dataType>uint8</dataType>
    <bands>
      <band label="Red"/>
      <band label="Green"/>
      <band label="Blue"/>
    </bands>
  </params>
  <tracks path="tracks.ply" count="16628"/>
  <points component_id="1" path="points1.ply" count="12775"/>
  <projections camera_id="0" path="p0.ply" count="4178"/>
  <projections camera_id="1" path="p1.ply" count="4506"/>
  <projections camera_id="2" path="p2.ply" count="4766"/>
  <projections camera_id="3" path="p3.ply" count="4112"/>
  <projections camera_id="4" path="p4.ply" count="4138"/>
  <projections camera_id="5" path="p5.ply" count="5574"/>
  <projections camera_id="6" path="p6.ply" count="4266"/>
  <projections camera_id="7" path="p7.ply" count="1864"/>
  <projections camera_id="8" path="p8.ply" count="3550"/>
  <projections camera_id="9" path="p9.ply" count="4010"/>
  <projections camera_id="10" path="p10.ply" count="2608"/>
  <projections camera_id="11" path="p11.ply" count="1562"/>
  <projections camera_id="12" path="p12.ply" count="3636"/>
  <projections camera_id="13" path="p13.ply" count="591"/>
  <projections camera_id="14" path="p14.ply" count="632"/>
  <meta>
    <property name="Info/LastSavedDateTime" value="2025:05:06 20:55:12"/>
    <property name="Info/LastSavedSoftwareVersion" value="2.2.1.20502"/>
    <property name="Info/OriginalDateTime" value="2025:05:06 20:55:07"/>
    <property name="Info/OriginalSoftwareVersion" value="2.2.1.20502"/>
    <property name="MatchPhotos/cameras" value=""/>
    <property name="MatchPhotos/descriptor_type" value="binary"/>
    <property name="MatchPhotos/descriptor_version" value="1.1.0"/>
    <property name="MatchPhotos/downscale" value="1"/>
    <property name="MatchPhotos/downscale_3d" value="1"/>
    <property name="MatchPhotos/duration" value="5.327"/>
    <property name="MatchPhotos/filter_stationary_points" value="true"/>
    <property name="MatchPhotos/generic_preselection" value="true"/>
    <property name="MatchPhotos/guided_matching" value="false"/>
    <property name="MatchPhotos/keep_keypoints" value="false"/>
    <property name="MatchPhotos/keypoint_limit" value="40000"/>
    <property name="MatchPhotos/keypoint_limit_3d" value="100000"/>
    <property name="MatchPhotos/keypoint_limit_per_mpx" value="1000"/>
    <property name="MatchPhotos/laser_scans_use_initial_orientation" value="false"/>
    <property name="MatchPhotos/laser_scans_vertical_axis" value="0"/>
    <property name="MatchPhotos/match_laser_scans" value="false"/>
    <property name="MatchPhotos/max_workgroup_size" value="100"/>
    <property name="MatchPhotos/ram_used" value="194732032"/>
    <property name="MatchPhotos/reference_preselection" value="false"/>
    <property name="MatchPhotos/reference_preselection_mode" value="0"/>
    <property name="MatchPhotos/reset_matches" value="true"/>
    <property name="MatchPhotos/subdivide_task" value="true"/>
    <property name="MatchPhotos/tiepoint_limit" value="4000"/>
    <property name="MatchPhotos/workitem_size_cameras" value="20"/>
    <property name="MatchPhotos/workitem_size_pairs" value="80"/>
  </meta>
</point_cloud>
