<?xml version="1.0" encoding="UTF-8"?>
<depth_maps version="1.5.0">
  <depth_map camera_id="0" level="0" path="0/d0.exr">
    <calibration type="frame">
      <resolution width="2340" height="2364"/>
      <f>2894.8692119693842</f>
      <cx>47.852324352136065</cx>
      <cy>-10.191956471268213</cy>
    </calibration>
  </depth_map>
  <depth_map camera_id="0" level="1" path="1/d0.exr">
    <calibration type="frame">
      <resolution width="1170" height="1182"/>
      <f>1447.4346059846921</f>
      <cx>23.926162176068033</cx>
      <cy>-5.0959782356341066</cy>
    </calibration>
  </depth_map>
  <depth_map camera_id="0" level="2" path="2/d0.exr">
    <calibration type="frame">
      <resolution width="585" height="591"/>
      <f>723.71730299234605</f>
      <cx>11.963081088034016</cx>
      <cy>-2.5479891178170533</cy>
    </calibration>
  </depth_map>
  <depth_map camera_id="1" level="0" path="0/d1.exr">
    <calibration type="frame">
      <resolution width="2340" height="2364"/>
      <f>2894.8692119693842</f>
      <cx>47.852324352136065</cx>
      <cy>-10.191956471268213</cy>
    </calibration>
  </depth_map>
  <depth_map camera_id="1" level="1" path="1/d1.exr">
    <calibration type="frame">
      <resolution width="1170" height="1182"/>
      <f>1447.4346059846921</f>
      <cx>23.926162176068033</cx>
      <cy>-5.0959782356341066</cy>
    </calibration>
  </depth_map>
  <depth_map camera_id="1" level="2" path="2/d1.exr">
    <calibration type="frame">
      <resolution width="585" height="591"/>
      <f>723.71730299234605</f>
      <cx>11.963081088034016</cx>
      <cy>-2.5479891178170533</cy>
    </calibration>
  </depth_map>
  <depth_map camera_id="2" level="0" path="0/d2.exr">
    <calibration type="frame">
      <resolution width="2340" height="2364"/>
      <f>2894.8692119693842</f>
      <cx>47.852324352136065</cx>
      <cy>-10.191956471268213</cy>
    </calibration>
  </depth_map>
  <depth_map camera_id="2" level="1" path="1/d2.exr">
    <calibration type="frame">
      <resolution width="1170" height="1182"/>
      <f>1447.4346059846921</f>
      <cx>23.926162176068033</cx>
      <cy>-5.0959782356341066</cy>
    </calibration>
  </depth_map>
  <depth_map camera_id="2" level="2" path="2/d2.exr">
    <calibration type="frame">
      <resolution width="585" height="591"/>
      <f>723.71730299234605</f>
      <cx>11.963081088034016</cx>
      <cy>-2.5479891178170533</cy>
    </calibration>
  </depth_map>
  <depth_map camera_id="3" level="0" path="0/d3.exr">
    <calibration type="frame">
      <resolution width="2340" height="2364"/>
      <f>2894.8692119693842</f>
      <cx>47.852324352136065</cx>
      <cy>-10.191956471268213</cy>
    </calibration>
  </depth_map>
  <depth_map camera_id="3" level="1" path="1/d3.exr">
    <calibration type="frame">
      <resolution width="1170" height="1182"/>
      <f>1447.4346059846921</f>
      <cx>23.926162176068033</cx>
      <cy>-5.0959782356341066</cy>
    </calibration>
  </depth_map>
  <depth_map camera_id="3" level="2" path="2/d3.exr">
    <calibration type="frame">
      <resolution width="585" height="591"/>
      <f>723.71730299234605</f>
      <cx>11.963081088034016</cx>
      <cy>-2.5479891178170533</cy>
    </calibration>
  </depth_map>
  <depth_map camera_id="4" level="0" path="0/d4.exr">
    <calibration type="frame">
      <resolution width="2340" height="2364"/>
      <f>2894.8692119693842</f>
      <cx>47.852324352136065</cx>
      <cy>-10.191956471268213</cy>
    </calibration>
  </depth_map>
  <depth_map camera_id="4" level="1" path="1/d4.exr">
    <calibration type="frame">
      <resolution width="1170" height="1182"/>
      <f>1447.4346059846921</f>
      <cx>23.926162176068033</cx>
      <cy>-5.0959782356341066</cy>
    </calibration>
  </depth_map>
  <depth_map camera_id="4" level="2" path="2/d4.exr">
    <calibration type="frame">
      <resolution width="585" height="591"/>
      <f>723.71730299234605</f>
      <cx>11.963081088034016</cx>
      <cy>-2.5479891178170533</cy>
    </calibration>
  </depth_map>
  <depth_map camera_id="5" level="0" path="0/d5.exr">
    <calibration type="frame">
      <resolution width="2340" height="2364"/>
      <f>2894.8692119693842</f>
      <cx>47.852324352136065</cx>
      <cy>-10.191956471268213</cy>
    </calibration>
  </depth_map>
  <depth_map camera_id="5" level="1" path="1/d5.exr">
    <calibration type="frame">
      <resolution width="1170" height="1182"/>
      <f>1447.4346059846921</f>
      <cx>23.926162176068033</cx>
      <cy>-5.0959782356341066</cy>
    </calibration>
  </depth_map>
  <depth_map camera_id="5" level="2" path="2/d5.exr">
    <calibration type="frame">
      <resolution width="585" height="591"/>
      <f>723.71730299234605</f>
      <cx>11.963081088034016</cx>
      <cy>-2.5479891178170533</cy>
    </calibration>
  </depth_map>
  <depth_map camera_id="6" level="0" path="0/d6.exr">
    <calibration type="frame">
      <resolution width="2340" height="2364"/>
      <f>2894.8692119693842</f>
      <cx>47.852324352136065</cx>
      <cy>-10.191956471268213</cy>
    </calibration>
  </depth_map>
  <depth_map camera_id="6" level="1" path="1/d6.exr">
    <calibration type="frame">
      <resolution width="1170" height="1182"/>
      <f>1447.4346059846921</f>
      <cx>23.926162176068033</cx>
      <cy>-5.0959782356341066</cy>
    </calibration>
  </depth_map>
  <depth_map camera_id="6" level="2" path="2/d6.exr">
    <calibration type="frame">
      <resolution width="585" height="591"/>
      <f>723.71730299234605</f>
      <cx>11.963081088034016</cx>
      <cy>-2.5479891178170533</cy>
    </calibration>
  </depth_map>
  <depth_map camera_id="7" level="0" path="0/d7.exr">
    <calibration type="frame">
      <resolution width="2340" height="2345"/>
      <f>2849.0830429825728</f>
      <cx>-9.5511990828163107</cx>
      <cy>1.9899225570416093</cy>
    </calibration>
  </depth_map>
  <depth_map camera_id="7" level="1" path="1/d7.exr">
    <calibration type="frame">
      <resolution width="1170" height="1173"/>
      <f>1424.5415214912864</f>
      <cx>-4.7755995414081553</cx>
      <cy>0.74496127852080463</cy>
    </calibration>
  </depth_map>
  <depth_map camera_id="7" level="2" path="2/d7.exr">
    <calibration type="frame">
      <resolution width="585" height="587"/>
      <f>712.2707607456432</f>
      <cx>-2.3877997707040777</cx>
      <cy>0.12248063926040231</cy>
    </calibration>
  </depth_map>
  <depth_map camera_id="8" level="0" path="0/d8.exr">
    <calibration type="frame">
      <resolution width="2340" height="2345"/>
      <f>2849.0830429825728</f>
      <cx>-9.5511990828163107</cx>
      <cy>1.9899225570416093</cy>
    </calibration>
  </depth_map>
  <depth_map camera_id="8" level="1" path="1/d8.exr">
    <calibration type="frame">
      <resolution width="1170" height="1173"/>
      <f>1424.5415214912864</f>
      <cx>-4.7755995414081553</cx>
      <cy>0.74496127852080463</cy>
    </calibration>
  </depth_map>
  <depth_map camera_id="8" level="2" path="2/d8.exr">
    <calibration type="frame">
      <resolution width="585" height="587"/>
      <f>712.2707607456432</f>
      <cx>-2.3877997707040777</cx>
      <cy>0.12248063926040231</cy>
    </calibration>
  </depth_map>
  <depth_map camera_id="9" level="0" path="0/d9.exr">
    <calibration type="frame">
      <resolution width="2340" height="2345"/>
      <f>2849.0830429825728</f>
      <cx>-9.5511990828163107</cx>
      <cy>1.9899225570416093</cy>
    </calibration>
  </depth_map>
  <depth_map camera_id="9" level="1" path="1/d9.exr">
    <calibration type="frame">
      <resolution width="1170" height="1173"/>
      <f>1424.5415214912864</f>
      <cx>-4.7755995414081553</cx>
      <cy>0.74496127852080463</cy>
    </calibration>
  </depth_map>
  <depth_map camera_id="9" level="2" path="2/d9.exr">
    <calibration type="frame">
      <resolution width="585" height="587"/>
      <f>712.2707607456432</f>
      <cx>-2.3877997707040777</cx>
      <cy>0.12248063926040231</cy>
    </calibration>
  </depth_map>
  <depth_map camera_id="10" level="0" path="0/d10.exr">
    <calibration type="frame">
      <resolution width="2340" height="2345"/>
      <f>2849.0830429825728</f>
      <cx>-9.5511990828163107</cx>
      <cy>1.9899225570416093</cy>
    </calibration>
  </depth_map>
  <depth_map camera_id="10" level="1" path="1/d10.exr">
    <calibration type="frame">
      <resolution width="1170" height="1173"/>
      <f>1424.5415214912864</f>
      <cx>-4.7755995414081553</cx>
      <cy>0.74496127852080463</cy>
    </calibration>
  </depth_map>
  <depth_map camera_id="10" level="2" path="2/d10.exr">
    <calibration type="frame">
      <resolution width="585" height="587"/>
      <f>712.2707607456432</f>
      <cx>-2.3877997707040777</cx>
      <cy>0.12248063926040231</cy>
    </calibration>
  </depth_map>
  <depth_map camera_id="11" level="0" path="0/d11.exr">
    <calibration type="frame">
      <resolution width="2340" height="2345"/>
      <f>2849.0830429825728</f>
      <cx>-9.5511990828163107</cx>
      <cy>1.9899225570416093</cy>
    </calibration>
  </depth_map>
  <depth_map camera_id="11" level="1" path="1/d11.exr">
    <calibration type="frame">
      <resolution width="1170" height="1173"/>
      <f>1424.5415214912864</f>
      <cx>-4.7755995414081553</cx>
      <cy>0.74496127852080463</cy>
    </calibration>
  </depth_map>
  <depth_map camera_id="11" level="2" path="2/d11.exr">
    <calibration type="frame">
      <resolution width="585" height="587"/>
      <f>712.2707607456432</f>
      <cx>-2.3877997707040777</cx>
      <cy>0.12248063926040231</cy>
    </calibration>
  </depth_map>
  <depth_map camera_id="12" level="0" path="0/d12.exr">
    <calibration type="frame">
      <resolution width="2340" height="2345"/>
      <f>2849.0830429825728</f>
      <cx>-9.5511990828163107</cx>
      <cy>1.9899225570416093</cy>
    </calibration>
  </depth_map>
  <depth_map camera_id="12" level="1" path="1/d12.exr">
    <calibration type="frame">
      <resolution width="1170" height="1173"/>
      <f>1424.5415214912864</f>
      <cx>-4.7755995414081553</cx>
      <cy>0.74496127852080463</cy>
    </calibration>
  </depth_map>
  <depth_map camera_id="12" level="2" path="2/d12.exr">
    <calibration type="frame">
      <resolution width="585" height="587"/>
      <f>712.2707607456432</f>
      <cx>-2.3877997707040777</cx>
      <cy>0.12248063926040231</cy>
    </calibration>
  </depth_map>
</depth_maps>
