<?xml version="1.0" encoding="UTF-8"?>
<tiled_model version="1.2.0">
  <params>
    <channelCount>3</channelCount>
    <dataType>uint8</dataType>
    <channels>
      <red>0</red>
      <green>1</green>
      <blue>2</blue>
    </channels>
    <bands>
      <band label="Red"/>
      <band label="Green"/>
      <band label="Blue"/>
    </bands>
  </params>
  <tiles>
    <tile path="tiled_model.tls"/>
  </tiles>
  <transform>1.0000000000000000e+00 0.0000000000000000e+00 0.0000000000000000e+00 -6.5876594120448919e+00 0.0000000000000000e+00 1.0000000000000000e+00 0.0000000000000000e+00 -7.1948931598698511e+00 0.0000000000000000e+00 0.0000000000000000e+00 1.0000000000000000e+00 -8.3723007259018392e+00 0.0000000000000000e+00 0.0000000000000000e+00 0.0000000000000000e+00 1.0000000000000000e+00</transform>
  <meta>
    <property name="BuildDepthMaps/cameras" value=""/>
    <property name="BuildDepthMaps/downscale" value="2"/>
    <property name="BuildDepthMaps/duration" value="11.092"/>
    <property name="BuildDepthMaps/filter_mode" value="1"/>
    <property name="BuildDepthMaps/max_neighbors" value="16"/>
    <property name="BuildDepthMaps/max_workgroup_size" value="100"/>
    <property name="BuildDepthMaps/ram_used" value="511676416"/>
    <property name="BuildDepthMaps/reuse_depth" value="false"/>
    <property name="BuildDepthMaps/subdivide_task" value="true"/>
    <property name="BuildDepthMaps/workitem_size_cameras" value="20"/>
    <property name="BuildTiledModel/average_fill_ratio" value="0.356209316698212"/>
    <property name="BuildTiledModel/block_count" value="1003"/>
    <property name="BuildTiledModel/classes" value=""/>
    <property name="BuildTiledModel/duration" value="69.278"/>
    <property name="BuildTiledModel/face_count" value="20000"/>
    <property name="BuildTiledModel/frames" value=""/>
    <property name="BuildTiledModel/ghosting_filter" value="false"/>
    <property name="BuildTiledModel/keep_depth" value="true"/>
    <property name="BuildTiledModel/max_workgroup_size" value="100"/>
    <property name="BuildTiledModel/merge" value="false"/>
    <property name="BuildTiledModel/nlevels" value="7"/>
    <property name="BuildTiledModel/nnodes" value="1003"/>
    <property name="BuildTiledModel/operand_asset" value="4294967295"/>
    <property name="BuildTiledModel/operand_chunk" value="4294967295"/>
    <property name="BuildTiledModel/operand_frame" value="4294967295"/>
    <property name="BuildTiledModel/pixel_size" value="0.0012051200000000001"/>
    <property name="BuildTiledModel/ram_used" value="1345110016"/>
    <property name="BuildTiledModel/replace_asset" value="false"/>
    <property name="BuildTiledModel/resolution" value="0.00120512"/>
    <property name="BuildTiledModel/source_data" value="6"/>
    <property name="BuildTiledModel/subdivide_task" value="true"/>
    <property name="BuildTiledModel/tile_size" value="256"/>
    <property name="BuildTiledModel/total_page_count" value="1866"/>
    <property name="BuildTiledModel/transfer_texture" value="false"/>
    <property name="BuildTiledModel/workitem_size_cameras" value="20"/>
    <property name="Info/LastSavedDateTime" value="2025:05:07 07:44:41"/>
    <property name="Info/LastSavedSoftwareVersion" value="2.2.1.20502"/>
    <property name="Info/OriginalDateTime" value="2025:05:07 07:44:41"/>
    <property name="Info/OriginalSoftwareVersion" value="2.2.1.20502"/>
  </meta>
</tiled_model>
