<?xml version="1.0" encoding="UTF-8"?>
<dense_cloud version="1.2.0">
  <tiles>
    <tile path="dense_cloud.oc3">
      <totalCount>4213430</totalCount>
      <validCount>4213430</validCount>
      <pointCount class="0">4213430</pointCount>
      <coordinatePrecision>0.000602560273578641</coordinatePrecision>
      <hasPointColors>true</hasPointColors>
      <hasPointNormals>true</hasPointNormals>
      <hasPointIntensity>false</hasPointIntensity>
      <hasPointConfidence>true</hasPointConfidence>
      <hasPointReturnIndex>false</hasPointReturnIndex>
      <hasPointReturnCount>false</hasPointReturnCount>
      <hasPointScanAngle>false</hasPointScanAngle>
      <hasPointSourceId>false</hasPointSourceId>
      <hasPointTimestamp>false</hasPointTimestamp>
      <hasPointRowIndex>false</hasPointRowIndex>
      <hasPointColumnIndex>false</hasPointColumnIndex>
    </tile>
  </tiles>
  <params>
    <dataType>uint8</dataType>
    <bands>
      <band label="Red"/>
      <band label="Green"/>
      <band label="Blue"/>
    </bands>
  </params>
  <meta>
    <property name="BuildDepthMaps/cameras" value=""/>
    <property name="BuildDepthMaps/downscale" value="2"/>
    <property name="BuildDepthMaps/duration" value="11.092"/>
    <property name="BuildDepthMaps/filter_mode" value="1"/>
    <property name="BuildDepthMaps/max_neighbors" value="16"/>
    <property name="BuildDepthMaps/max_workgroup_size" value="100"/>
    <property name="BuildDepthMaps/ram_used" value="511676416"/>
    <property name="BuildDepthMaps/reuse_depth" value="false"/>
    <property name="BuildDepthMaps/subdivide_task" value="true"/>
    <property name="BuildDepthMaps/workitem_size_cameras" value="20"/>
    <property name="BuildPointCloud/asset" value="4294967295"/>
    <property name="BuildPointCloud/duration" value="10.479"/>
    <property name="BuildPointCloud/frames" value=""/>
    <property name="BuildPointCloud/keep_depth" value="true"/>
    <property name="BuildPointCloud/max_neighbors" value="100"/>
    <property name="BuildPointCloud/max_workgroup_size" value="100"/>
    <property name="BuildPointCloud/point_colors" value="true"/>
    <property name="BuildPointCloud/point_confidence" value="true"/>
    <property name="BuildPointCloud/points_spacing" value="0.10000000000000001"/>
    <property name="BuildPointCloud/ram_used" value="967503872"/>
    <property name="BuildPointCloud/replace_asset" value="false"/>
    <property name="BuildPointCloud/resolution" value="0.00241024109431456"/>
    <property name="BuildPointCloud/source_data" value="6"/>
    <property name="BuildPointCloud/subdivide_task" value="true"/>
    <property name="BuildPointCloud/uniform_sampling" value="true"/>
    <property name="BuildPointCloud/workitem_size_cameras" value="20"/>
    <property name="Info/LastSavedDateTime" value="2025:05:06 21:03:55"/>
    <property name="Info/LastSavedSoftwareVersion" value="2.2.1.20502"/>
    <property name="Info/OriginalDateTime" value="2025:05:06 21:03:55"/>
    <property name="Info/OriginalSoftwareVersion" value="2.2.1.20502"/>
  </meta>
</dense_cloud>
