<?xml version="1.0" encoding="UTF-8"?>
<depth_maps version="1.5.0">
  <depth_map camera_id="0" level="0" path="0/d0.exr">
    <calibration type="frame">
      <resolution width="2340" height="2364"/>
      <f>2890.607685848579</f>
      <cx>84.615161561647938</cx>
      <cy>-14.471228189030626</cy>
    </calibration>
  </depth_map>
  <depth_map camera_id="0" level="1" path="1/d0.exr">
    <calibration type="frame">
      <resolution width="1170" height="1182"/>
      <f>1445.3038429242895</f>
      <cx>42.307580780823969</cx>
      <cy>-7.2356140945153129</cy>
    </calibration>
  </depth_map>
  <depth_map camera_id="0" level="2" path="2/d0.exr">
    <calibration type="frame">
      <resolution width="585" height="591"/>
      <f>722.65192146214474</f>
      <cx>21.153790390411984</cx>
      <cy>-3.6178070472576564</cy>
    </calibration>
  </depth_map>
  <depth_map camera_id="1" level="0" path="0/d1.exr">
    <calibration type="frame">
      <resolution width="2340" height="2364"/>
      <f>2890.607685848579</f>
      <cx>84.615161561647938</cx>
      <cy>-14.471228189030626</cy>
    </calibration>
  </depth_map>
  <depth_map camera_id="1" level="1" path="1/d1.exr">
    <calibration type="frame">
      <resolution width="1170" height="1182"/>
      <f>1445.3038429242895</f>
      <cx>42.307580780823969</cx>
      <cy>-7.2356140945153129</cy>
    </calibration>
  </depth_map>
  <depth_map camera_id="1" level="2" path="2/d1.exr">
    <calibration type="frame">
      <resolution width="585" height="591"/>
      <f>722.65192146214474</f>
      <cx>21.153790390411984</cx>
      <cy>-3.6178070472576564</cy>
    </calibration>
  </depth_map>
  <depth_map camera_id="2" level="0" path="0/d2.exr">
    <calibration type="frame">
      <resolution width="2340" height="2364"/>
      <f>2890.607685848579</f>
      <cx>84.615161561647938</cx>
      <cy>-14.471228189030626</cy>
    </calibration>
  </depth_map>
  <depth_map camera_id="2" level="1" path="1/d2.exr">
    <calibration type="frame">
      <resolution width="1170" height="1182"/>
      <f>1445.3038429242895</f>
      <cx>42.307580780823969</cx>
      <cy>-7.2356140945153129</cy>
    </calibration>
  </depth_map>
  <depth_map camera_id="2" level="2" path="2/d2.exr">
    <calibration type="frame">
      <resolution width="585" height="591"/>
      <f>722.65192146214474</f>
      <cx>21.153790390411984</cx>
      <cy>-3.6178070472576564</cy>
    </calibration>
  </depth_map>
  <depth_map camera_id="3" level="0" path="0/d3.exr">
    <calibration type="frame">
      <resolution width="2340" height="2364"/>
      <f>2890.607685848579</f>
      <cx>84.615161561647938</cx>
      <cy>-14.471228189030626</cy>
    </calibration>
  </depth_map>
  <depth_map camera_id="3" level="1" path="1/d3.exr">
    <calibration type="frame">
      <resolution width="1170" height="1182"/>
      <f>1445.3038429242895</f>
      <cx>42.307580780823969</cx>
      <cy>-7.2356140945153129</cy>
    </calibration>
  </depth_map>
  <depth_map camera_id="3" level="2" path="2/d3.exr">
    <calibration type="frame">
      <resolution width="585" height="591"/>
      <f>722.65192146214474</f>
      <cx>21.153790390411984</cx>
      <cy>-3.6178070472576564</cy>
    </calibration>
  </depth_map>
  <depth_map camera_id="4" level="0" path="0/d4.exr">
    <calibration type="frame">
      <resolution width="2340" height="2364"/>
      <f>2890.607685848579</f>
      <cx>84.615161561647938</cx>
      <cy>-14.471228189030626</cy>
    </calibration>
  </depth_map>
  <depth_map camera_id="4" level="1" path="1/d4.exr">
    <calibration type="frame">
      <resolution width="1170" height="1182"/>
      <f>1445.3038429242895</f>
      <cx>42.307580780823969</cx>
      <cy>-7.2356140945153129</cy>
    </calibration>
  </depth_map>
  <depth_map camera_id="4" level="2" path="2/d4.exr">
    <calibration type="frame">
      <resolution width="585" height="591"/>
      <f>722.65192146214474</f>
      <cx>21.153790390411984</cx>
      <cy>-3.6178070472576564</cy>
    </calibration>
  </depth_map>
  <depth_map camera_id="5" level="0" path="0/d5.exr">
    <calibration type="frame">
      <resolution width="2340" height="2364"/>
      <f>2890.607685848579</f>
      <cx>84.615161561647938</cx>
      <cy>-14.471228189030626</cy>
    </calibration>
  </depth_map>
  <depth_map camera_id="5" level="1" path="1/d5.exr">
    <calibration type="frame">
      <resolution width="1170" height="1182"/>
      <f>1445.3038429242895</f>
      <cx>42.307580780823969</cx>
      <cy>-7.2356140945153129</cy>
    </calibration>
  </depth_map>
  <depth_map camera_id="5" level="2" path="2/d5.exr">
    <calibration type="frame">
      <resolution width="585" height="591"/>
      <f>722.65192146214474</f>
      <cx>21.153790390411984</cx>
      <cy>-3.6178070472576564</cy>
    </calibration>
  </depth_map>
  <depth_map camera_id="6" level="0" path="0/d6.exr">
    <calibration type="frame">
      <resolution width="2340" height="2364"/>
      <f>2890.607685848579</f>
      <cx>84.615161561647938</cx>
      <cy>-14.471228189030626</cy>
    </calibration>
  </depth_map>
  <depth_map camera_id="6" level="1" path="1/d6.exr">
    <calibration type="frame">
      <resolution width="1170" height="1182"/>
      <f>1445.3038429242895</f>
      <cx>42.307580780823969</cx>
      <cy>-7.2356140945153129</cy>
    </calibration>
  </depth_map>
  <depth_map camera_id="6" level="2" path="2/d6.exr">
    <calibration type="frame">
      <resolution width="585" height="591"/>
      <f>722.65192146214474</f>
      <cx>21.153790390411984</cx>
      <cy>-3.6178070472576564</cy>
    </calibration>
  </depth_map>
  <depth_map camera_id="7" level="0" path="0/d7.exr">
    <calibration type="frame">
      <resolution width="2340" height="2345"/>
      <f>2848.5265200440704</f>
      <cx>2.1056042649636311</cx>
      <cy>10.017565273945138</cy>
    </calibration>
  </depth_map>
  <depth_map camera_id="7" level="1" path="1/d7.exr">
    <calibration type="frame">
      <resolution width="1170" height="1173"/>
      <f>1424.2632600220352</f>
      <cx>1.0528021324818155</cx>
      <cy>4.758782636972569</cy>
    </calibration>
  </depth_map>
  <depth_map camera_id="7" level="2" path="2/d7.exr">
    <calibration type="frame">
      <resolution width="585" height="587"/>
      <f>712.13163001101759</f>
      <cx>0.52640106624090777</cx>
      <cy>2.1293913184862845</cy>
    </calibration>
  </depth_map>
  <depth_map camera_id="8" level="0" path="0/d8.exr">
    <calibration type="frame">
      <resolution width="2340" height="2345"/>
      <f>2848.5265200440704</f>
      <cx>2.1056042649636311</cx>
      <cy>10.017565273945138</cy>
    </calibration>
  </depth_map>
  <depth_map camera_id="8" level="1" path="1/d8.exr">
    <calibration type="frame">
      <resolution width="1170" height="1173"/>
      <f>1424.2632600220352</f>
      <cx>1.0528021324818155</cx>
      <cy>4.758782636972569</cy>
    </calibration>
  </depth_map>
  <depth_map camera_id="8" level="2" path="2/d8.exr">
    <calibration type="frame">
      <resolution width="585" height="587"/>
      <f>712.13163001101759</f>
      <cx>0.52640106624090777</cx>
      <cy>2.1293913184862845</cy>
    </calibration>
  </depth_map>
  <depth_map camera_id="9" level="0" path="0/d9.exr">
    <calibration type="frame">
      <resolution width="2340" height="2345"/>
      <f>2848.5265200440704</f>
      <cx>2.1056042649636311</cx>
      <cy>10.017565273945138</cy>
    </calibration>
  </depth_map>
  <depth_map camera_id="9" level="1" path="1/d9.exr">
    <calibration type="frame">
      <resolution width="1170" height="1173"/>
      <f>1424.2632600220352</f>
      <cx>1.0528021324818155</cx>
      <cy>4.758782636972569</cy>
    </calibration>
  </depth_map>
  <depth_map camera_id="9" level="2" path="2/d9.exr">
    <calibration type="frame">
      <resolution width="585" height="587"/>
      <f>712.13163001101759</f>
      <cx>0.52640106624090777</cx>
      <cy>2.1293913184862845</cy>
    </calibration>
  </depth_map>
  <depth_map camera_id="10" level="0" path="0/d10.exr">
    <calibration type="frame">
      <resolution width="2340" height="2345"/>
      <f>2848.5265200440704</f>
      <cx>2.1056042649636311</cx>
      <cy>10.017565273945138</cy>
    </calibration>
  </depth_map>
  <depth_map camera_id="10" level="1" path="1/d10.exr">
    <calibration type="frame">
      <resolution width="1170" height="1173"/>
      <f>1424.2632600220352</f>
      <cx>1.0528021324818155</cx>
      <cy>4.758782636972569</cy>
    </calibration>
  </depth_map>
  <depth_map camera_id="10" level="2" path="2/d10.exr">
    <calibration type="frame">
      <resolution width="585" height="587"/>
      <f>712.13163001101759</f>
      <cx>0.52640106624090777</cx>
      <cy>2.1293913184862845</cy>
    </calibration>
  </depth_map>
  <depth_map camera_id="11" level="0" path="0/d11.exr">
    <calibration type="frame">
      <resolution width="2340" height="2345"/>
      <f>2848.5265200440704</f>
      <cx>2.1056042649636311</cx>
      <cy>10.017565273945138</cy>
    </calibration>
  </depth_map>
  <depth_map camera_id="11" level="1" path="1/d11.exr">
    <calibration type="frame">
      <resolution width="1170" height="1173"/>
      <f>1424.2632600220352</f>
      <cx>1.0528021324818155</cx>
      <cy>4.758782636972569</cy>
    </calibration>
  </depth_map>
  <depth_map camera_id="11" level="2" path="2/d11.exr">
    <calibration type="frame">
      <resolution width="585" height="587"/>
      <f>712.13163001101759</f>
      <cx>0.52640106624090777</cx>
      <cy>2.1293913184862845</cy>
    </calibration>
  </depth_map>
  <depth_map camera_id="12" level="0" path="0/d12.exr">
    <calibration type="frame">
      <resolution width="2340" height="2345"/>
      <f>2848.5265200440704</f>
      <cx>2.1056042649636311</cx>
      <cy>10.017565273945138</cy>
    </calibration>
  </depth_map>
  <depth_map camera_id="12" level="1" path="1/d12.exr">
    <calibration type="frame">
      <resolution width="1170" height="1173"/>
      <f>1424.2632600220352</f>
      <cx>1.0528021324818155</cx>
      <cy>4.758782636972569</cy>
    </calibration>
  </depth_map>
  <depth_map camera_id="12" level="2" path="2/d12.exr">
    <calibration type="frame">
      <resolution width="585" height="587"/>
      <f>712.13163001101759</f>
      <cx>0.52640106624090777</cx>
      <cy>2.1293913184862845</cy>
    </calibration>
  </depth_map>
  <depth_map camera_id="15" level="0" path="0/d15.exr">
    <calibration type="frame">
      <resolution width="1920" height="1080"/>
      <f>665.77388061050556</f>
      <cx>-33.858252317696724</cx>
      <cy>-12.437022396087059</cy>
    </calibration>
  </depth_map>
  <depth_map camera_id="15" level="1" path="1/d15.exr">
    <calibration type="frame">
      <resolution width="960" height="540"/>
      <f>332.88694030525278</f>
      <cx>-16.929126158848362</cx>
      <cy>-6.2185111980435295</cy>
    </calibration>
  </depth_map>
  <depth_map camera_id="15" level="2" path="2/d15.exr">
    <calibration type="frame">
      <resolution width="480" height="270"/>
      <f>166.44347015262639</f>
      <cx>-8.4645630794241811</cx>
      <cy>-3.1092555990217647</cy>
    </calibration>
  </depth_map>
  <depth_map camera_id="16" level="0" path="0/d16.exr">
    <calibration type="frame">
      <resolution width="1920" height="1080"/>
      <f>665.77388061050556</f>
      <cx>-33.858252317696724</cx>
      <cy>-12.437022396087059</cy>
    </calibration>
  </depth_map>
  <depth_map camera_id="16" level="1" path="1/d16.exr">
    <calibration type="frame">
      <resolution width="960" height="540"/>
      <f>332.88694030525278</f>
      <cx>-16.929126158848362</cx>
      <cy>-6.2185111980435295</cy>
    </calibration>
  </depth_map>
  <depth_map camera_id="16" level="2" path="2/d16.exr">
    <calibration type="frame">
      <resolution width="480" height="270"/>
      <f>166.44347015262639</f>
      <cx>-8.4645630794241811</cx>
      <cy>-3.1092555990217647</cy>
    </calibration>
  </depth_map>
</depth_maps>
