<?xml version="1.0" encoding="UTF-8"?>
<depth_maps version="1.5.0">
  <depth_map camera_id="0" level="0" path="0/d0.exr">
    <calibration type="frame">
      <resolution width="1170" height="1182"/>
      <f>1446.2956123942331</f>
      <cx>45.93154821451833</cx>
      <cy>-1.8355815155506434</cy>
    </calibration>
  </depth_map>
  <depth_map camera_id="0" level="1" path="1/d0.exr">
    <calibration type="frame">
      <resolution width="585" height="591"/>
      <f>723.14780619711655</f>
      <cx>22.965774107259165</cx>
      <cy>-0.91779075777532171</cy>
    </calibration>
  </depth_map>
  <depth_map camera_id="0" level="2" path="2/d0.exr">
    <calibration type="frame">
      <resolution width="293" height="296"/>
      <f>361.57390309855828</f>
      <cx>11.232887053629582</cx>
      <cy>-0.70889537888766085</cy>
    </calibration>
  </depth_map>
  <depth_map camera_id="1" level="0" path="0/d1.exr">
    <calibration type="frame">
      <resolution width="1170" height="1182"/>
      <f>1446.2956123942331</f>
      <cx>45.93154821451833</cx>
      <cy>-1.8355815155506434</cy>
    </calibration>
  </depth_map>
  <depth_map camera_id="1" level="1" path="1/d1.exr">
    <calibration type="frame">
      <resolution width="585" height="591"/>
      <f>723.14780619711655</f>
      <cx>22.965774107259165</cx>
      <cy>-0.91779075777532171</cy>
    </calibration>
  </depth_map>
  <depth_map camera_id="1" level="2" path="2/d1.exr">
    <calibration type="frame">
      <resolution width="293" height="296"/>
      <f>361.57390309855828</f>
      <cx>11.232887053629582</cx>
      <cy>-0.70889537888766085</cy>
    </calibration>
  </depth_map>
  <depth_map camera_id="2" level="0" path="0/d2.exr">
    <calibration type="frame">
      <resolution width="1170" height="1182"/>
      <f>1446.2956123942331</f>
      <cx>45.93154821451833</cx>
      <cy>-1.8355815155506434</cy>
    </calibration>
  </depth_map>
  <depth_map camera_id="2" level="1" path="1/d2.exr">
    <calibration type="frame">
      <resolution width="585" height="591"/>
      <f>723.14780619711655</f>
      <cx>22.965774107259165</cx>
      <cy>-0.91779075777532171</cy>
    </calibration>
  </depth_map>
  <depth_map camera_id="2" level="2" path="2/d2.exr">
    <calibration type="frame">
      <resolution width="293" height="296"/>
      <f>361.57390309855828</f>
      <cx>11.232887053629582</cx>
      <cy>-0.70889537888766085</cy>
    </calibration>
  </depth_map>
  <depth_map camera_id="3" level="0" path="0/d3.exr">
    <calibration type="frame">
      <resolution width="1170" height="1182"/>
      <f>1446.2956123942331</f>
      <cx>45.93154821451833</cx>
      <cy>-1.8355815155506434</cy>
    </calibration>
  </depth_map>
  <depth_map camera_id="3" level="1" path="1/d3.exr">
    <calibration type="frame">
      <resolution width="585" height="591"/>
      <f>723.14780619711655</f>
      <cx>22.965774107259165</cx>
      <cy>-0.91779075777532171</cy>
    </calibration>
  </depth_map>
  <depth_map camera_id="3" level="2" path="2/d3.exr">
    <calibration type="frame">
      <resolution width="293" height="296"/>
      <f>361.57390309855828</f>
      <cx>11.232887053629582</cx>
      <cy>-0.70889537888766085</cy>
    </calibration>
  </depth_map>
  <depth_map camera_id="4" level="0" path="0/d4.exr">
    <calibration type="frame">
      <resolution width="1170" height="1182"/>
      <f>1446.2956123942331</f>
      <cx>45.93154821451833</cx>
      <cy>-1.8355815155506434</cy>
    </calibration>
  </depth_map>
  <depth_map camera_id="4" level="1" path="1/d4.exr">
    <calibration type="frame">
      <resolution width="585" height="591"/>
      <f>723.14780619711655</f>
      <cx>22.965774107259165</cx>
      <cy>-0.91779075777532171</cy>
    </calibration>
  </depth_map>
  <depth_map camera_id="4" level="2" path="2/d4.exr">
    <calibration type="frame">
      <resolution width="293" height="296"/>
      <f>361.57390309855828</f>
      <cx>11.232887053629582</cx>
      <cy>-0.70889537888766085</cy>
    </calibration>
  </depth_map>
  <depth_map camera_id="5" level="0" path="0/d5.exr">
    <calibration type="frame">
      <resolution width="1170" height="1182"/>
      <f>1446.2956123942331</f>
      <cx>45.93154821451833</cx>
      <cy>-1.8355815155506434</cy>
    </calibration>
  </depth_map>
  <depth_map camera_id="5" level="1" path="1/d5.exr">
    <calibration type="frame">
      <resolution width="585" height="591"/>
      <f>723.14780619711655</f>
      <cx>22.965774107259165</cx>
      <cy>-0.91779075777532171</cy>
    </calibration>
  </depth_map>
  <depth_map camera_id="5" level="2" path="2/d5.exr">
    <calibration type="frame">
      <resolution width="293" height="296"/>
      <f>361.57390309855828</f>
      <cx>11.232887053629582</cx>
      <cy>-0.70889537888766085</cy>
    </calibration>
  </depth_map>
  <depth_map camera_id="6" level="0" path="0/d6.exr">
    <calibration type="frame">
      <resolution width="1170" height="1182"/>
      <f>1446.2956123942331</f>
      <cx>45.93154821451833</cx>
      <cy>-1.8355815155506434</cy>
    </calibration>
  </depth_map>
  <depth_map camera_id="6" level="1" path="1/d6.exr">
    <calibration type="frame">
      <resolution width="585" height="591"/>
      <f>723.14780619711655</f>
      <cx>22.965774107259165</cx>
      <cy>-0.91779075777532171</cy>
    </calibration>
  </depth_map>
  <depth_map camera_id="6" level="2" path="2/d6.exr">
    <calibration type="frame">
      <resolution width="293" height="296"/>
      <f>361.57390309855828</f>
      <cx>11.232887053629582</cx>
      <cy>-0.70889537888766085</cy>
    </calibration>
  </depth_map>
  <depth_map camera_id="7" level="0" path="0/d7.exr">
    <calibration type="frame">
      <resolution width="1170" height="1173"/>
      <f>1422.8679811934135</f>
      <cx>10.665586286433268</cx>
      <cy>7.582135079665818</cy>
    </calibration>
  </depth_map>
  <depth_map camera_id="7" level="1" path="1/d7.exr">
    <calibration type="frame">
      <resolution width="585" height="587"/>
      <f>711.43399059670674</f>
      <cx>5.3327931432166338</cx>
      <cy>3.541067539832909</cy>
    </calibration>
  </depth_map>
  <depth_map camera_id="7" level="2" path="2/d7.exr">
    <calibration type="frame">
      <resolution width="293" height="294"/>
      <f>355.71699529835337</f>
      <cx>2.4163965716083169</cx>
      <cy>1.5205337699164545</cy>
    </calibration>
  </depth_map>
  <depth_map camera_id="8" level="0" path="0/d8.exr">
    <calibration type="frame">
      <resolution width="1170" height="1173"/>
      <f>1422.8679811934135</f>
      <cx>10.665586286433268</cx>
      <cy>7.582135079665818</cy>
    </calibration>
  </depth_map>
  <depth_map camera_id="8" level="1" path="1/d8.exr">
    <calibration type="frame">
      <resolution width="585" height="587"/>
      <f>711.43399059670674</f>
      <cx>5.3327931432166338</cx>
      <cy>3.541067539832909</cy>
    </calibration>
  </depth_map>
  <depth_map camera_id="8" level="2" path="2/d8.exr">
    <calibration type="frame">
      <resolution width="293" height="294"/>
      <f>355.71699529835337</f>
      <cx>2.4163965716083169</cx>
      <cy>1.5205337699164545</cy>
    </calibration>
  </depth_map>
  <depth_map camera_id="9" level="0" path="0/d9.exr">
    <calibration type="frame">
      <resolution width="1170" height="1173"/>
      <f>1422.8679811934135</f>
      <cx>10.665586286433268</cx>
      <cy>7.582135079665818</cy>
    </calibration>
  </depth_map>
  <depth_map camera_id="9" level="1" path="1/d9.exr">
    <calibration type="frame">
      <resolution width="585" height="587"/>
      <f>711.43399059670674</f>
      <cx>5.3327931432166338</cx>
      <cy>3.541067539832909</cy>
    </calibration>
  </depth_map>
  <depth_map camera_id="9" level="2" path="2/d9.exr">
    <calibration type="frame">
      <resolution width="293" height="294"/>
      <f>355.71699529835337</f>
      <cx>2.4163965716083169</cx>
      <cy>1.5205337699164545</cy>
    </calibration>
  </depth_map>
  <depth_map camera_id="10" level="0" path="0/d10.exr">
    <calibration type="frame">
      <resolution width="1170" height="1173"/>
      <f>1422.8679811934135</f>
      <cx>10.665586286433268</cx>
      <cy>7.582135079665818</cy>
    </calibration>
  </depth_map>
  <depth_map camera_id="10" level="1" path="1/d10.exr">
    <calibration type="frame">
      <resolution width="585" height="587"/>
      <f>711.43399059670674</f>
      <cx>5.3327931432166338</cx>
      <cy>3.541067539832909</cy>
    </calibration>
  </depth_map>
  <depth_map camera_id="10" level="2" path="2/d10.exr">
    <calibration type="frame">
      <resolution width="293" height="294"/>
      <f>355.71699529835337</f>
      <cx>2.4163965716083169</cx>
      <cy>1.5205337699164545</cy>
    </calibration>
  </depth_map>
  <depth_map camera_id="11" level="0" path="0/d11.exr">
    <calibration type="frame">
      <resolution width="1170" height="1173"/>
      <f>1422.8679811934135</f>
      <cx>10.665586286433268</cx>
      <cy>7.582135079665818</cy>
    </calibration>
  </depth_map>
  <depth_map camera_id="11" level="1" path="1/d11.exr">
    <calibration type="frame">
      <resolution width="585" height="587"/>
      <f>711.43399059670674</f>
      <cx>5.3327931432166338</cx>
      <cy>3.541067539832909</cy>
    </calibration>
  </depth_map>
  <depth_map camera_id="11" level="2" path="2/d11.exr">
    <calibration type="frame">
      <resolution width="293" height="294"/>
      <f>355.71699529835337</f>
      <cx>2.4163965716083169</cx>
      <cy>1.5205337699164545</cy>
    </calibration>
  </depth_map>
  <depth_map camera_id="12" level="0" path="0/d12.exr">
    <calibration type="frame">
      <resolution width="1170" height="1173"/>
      <f>1422.8679811934135</f>
      <cx>10.665586286433268</cx>
      <cy>7.582135079665818</cy>
    </calibration>
  </depth_map>
  <depth_map camera_id="12" level="1" path="1/d12.exr">
    <calibration type="frame">
      <resolution width="585" height="587"/>
      <f>711.43399059670674</f>
      <cx>5.3327931432166338</cx>
      <cy>3.541067539832909</cy>
    </calibration>
  </depth_map>
  <depth_map camera_id="12" level="2" path="2/d12.exr">
    <calibration type="frame">
      <resolution width="293" height="294"/>
      <f>355.71699529835337</f>
      <cx>2.4163965716083169</cx>
      <cy>1.5205337699164545</cy>
    </calibration>
  </depth_map>
  <depth_map camera_id="13" level="0" path="0/d13.exr">
    <calibration type="frame">
      <resolution width="1170" height="1173"/>
      <f>1422.8679811934135</f>
      <cx>10.665586286433268</cx>
      <cy>7.582135079665818</cy>
    </calibration>
  </depth_map>
  <depth_map camera_id="13" level="1" path="1/d13.exr">
    <calibration type="frame">
      <resolution width="585" height="587"/>
      <f>711.43399059670674</f>
      <cx>5.3327931432166338</cx>
      <cy>3.541067539832909</cy>
    </calibration>
  </depth_map>
  <depth_map camera_id="13" level="2" path="2/d13.exr">
    <calibration type="frame">
      <resolution width="293" height="294"/>
      <f>355.71699529835337</f>
      <cx>2.4163965716083169</cx>
      <cy>1.5205337699164545</cy>
    </calibration>
  </depth_map>
  <depth_map camera_id="14" level="0" path="0/d14.exr">
    <calibration type="frame">
      <resolution width="1170" height="1173"/>
      <f>1422.8679811934135</f>
      <cx>10.665586286433268</cx>
      <cy>7.582135079665818</cy>
    </calibration>
  </depth_map>
  <depth_map camera_id="14" level="1" path="1/d14.exr">
    <calibration type="frame">
      <resolution width="585" height="587"/>
      <f>711.43399059670674</f>
      <cx>5.3327931432166338</cx>
      <cy>3.541067539832909</cy>
    </calibration>
  </depth_map>
  <depth_map camera_id="14" level="2" path="2/d14.exr">
    <calibration type="frame">
      <resolution width="293" height="294"/>
      <f>355.71699529835337</f>
      <cx>2.4163965716083169</cx>
      <cy>1.5205337699164545</cy>
    </calibration>
  </depth_map>
</depth_maps>
