<?xml version="1.0" encoding="UTF-8"?>
<depth_maps version="1.2.0">
  <blocks>
    <block path="data0.zip"/>
  </blocks>
  <meta>
    <property name="BuildDepthMaps/cameras" value=""/>
    <property name="BuildDepthMaps/downscale" value="2"/>
    <property name="BuildDepthMaps/duration" value="11.092"/>
    <property name="BuildDepthMaps/filter_mode" value="1"/>
    <property name="BuildDepthMaps/max_neighbors" value="16"/>
    <property name="BuildDepthMaps/max_workgroup_size" value="100"/>
    <property name="BuildDepthMaps/ram_used" value="511676416"/>
    <property name="BuildDepthMaps/reuse_depth" value="false"/>
    <property name="BuildDepthMaps/subdivide_task" value="true"/>
    <property name="BuildDepthMaps/workitem_size_cameras" value="20"/>
    <property name="Info/LastSavedDateTime" value="2025:05:06 21:03:43"/>
    <property name="Info/LastSavedSoftwareVersion" value="2.2.1.20502"/>
    <property name="Info/OriginalDateTime" value="2025:05:06 21:03:43"/>
    <property name="Info/OriginalSoftwareVersion" value="2.2.1.20502"/>
  </meta>
</depth_maps>
